match_id,match_date,year,opponent,tournament,venue_type,goals_for,goals_against,goal_difference,result
5271,1961-05-10,1961,England,Friendly,Away,0,8,-8,Loss
39905,2016-06-18,2016,Chile,Copa América,Neutral,0,7,-7,Loss
11391,1978-06-06,1978,Germany,FIFA World Cup,Neutral,0,6,-6,Loss
3958,1954-06-16,1954,Brazil,FIFA World Cup,Neutral,0,5,-5,Loss
8541,1971-09-08,1971,Germany,Friendly,Away,0,5,-5,Loss
14015,1984-02-04,1984,Italy,Friendly,Away,0,5,-5,Loss
18383,1992-07-31,1992,Brazil,Friendly,Neutral,0,5,-5,Loss
6681,1966-06-29,1966,Italy,Friendly,Away,0,5,-5,Loss
3392,1950-06-24,1950,Brazil,FIFA World Cup,Away,0,4,-4,Loss
12339,1980-08-20,1980,New Zealand,Friendly,Away,0,4,-4,Loss
20401,1995-06-18,1995,United States,USA Cup,Away,0,4,-4,Loss
3596,1952-03-26,1952,Chile,Pan American Championship,Away,0,4,-4,Loss
9605,1973-12-14,1973,Trinidad and Tobago,CONCACAF Championship,Neutral,0,4,-4,Loss
47202,2024-06-05,2024,Uruguay,Friendly,Neutral,0,4,-4,Loss
4718,1958-06-15,1958,Hungary,FIFA World Cup,Neutral,0,4,-4,Loss
21919,1997-04-30,1997,Brazil,Friendly,Neutral,0,4,-4,Loss
7695,1969-06-03,1969,England,Friendly,Home,0,4,-4,Loss
28435,2004-07-18,2004,Brazil,Copa América,Neutral,0,4,-4,Loss
25583,2001-05-25,2001,England,Friendly,Away,0,4,-4,Loss
48764,2025-10-11,2025,Colombia,Friendly,Neutral,0,4,-4,Loss
8566,1971-09-22,1971,Yugoslavia,Friendly,Away,0,4,-4,Loss
42940,2019-09-10,2019,Argentina,Friendly,Neutral,0,4,-4,Loss
25649,2001-06-03,2001,France,Confederations Cup,Neutral,0,4,-4,Loss
2265,1937-12-12,1937,Basque Country,Friendly,Home,0,4,-4,Loss
31074,2007-07-11,2007,Argentina,Copa América,Neutral,0,3,-3,Loss
10564,1976-06-04,1976,Brazil,Friendly,Home,0,3,-3,Loss
29652,2005-11-16,2005,Bulgaria,Friendly,Neutral,0,3,-3,Loss
4704,1958-06-08,1958,Sweden,FIFA World Cup,Away,0,3,-3,Loss
1496,1930-07-16,1930,Chile,FIFA World Cup,Neutral,0,3,-3,Loss
17314,1990-06-02,1990,Belgium,Friendly,Away,0,3,-3,Loss
14262,1984-08-19,1984,Russia,Friendly,Away,0,3,-3,Loss
18567,1992-10-22,1992,Croatia,Friendly,Away,0,3,-3,Loss
34826,2011-06-11,2011,Venezuela,Friendly,Neutral,0,3,-3,Loss
24617,2000-06-11,2000,United States,USA Cup,Away,0,3,-3,Loss
45188,2022-06-02,2022,Uruguay,Friendly,Neutral,0,3,-3,Loss
41681,2018-06-27,2018,Sweden,FIFA World Cup,Neutral,0,3,-3,Loss
3614,1952-04-20,1952,Peru,Pan American Championship,Neutral,0,3,-3,Loss
46062,2023-06-15,2023,United States,CONCACAF Nations League,Away,0,3,-3,Loss
15310,1986-05-17,1986,England,Friendly,Neutral,0,3,-3,Loss
11344,1978-04-26,1978,Spain,Friendly,Away,0,2,-2,Loss
17730,1991-05-07,1991,Uruguay,Friendly,Neutral,0,2,-2,Loss
35682,2012-02-29,2012,Colombia,Friendly,Neutral,0,2,-2,Loss
6711,1966-07-16,1966,England,FIFA World Cup,Away,0,2,-2,Loss
18735,1993-01-20,1993,Italy,Friendly,Away,0,2,-2,Loss
42166,2018-11-20,2018,Argentina,Friendly,Away,0,2,-2,Loss
7253,1967-12-08,1967,Hungary,Friendly,Home,0,2,-2,Loss
5013,1960-03-17,1960,Argentina,Pan American Championship,Neutral,0,2,-2,Loss
44672,2021-11-12,2021,United States,FIFA World Cup qualification,Away,0,2,-2,Loss
30675,2007-02-07,2007,United States,Friendly,Away,0,2,-2,Loss
37051,2013-06-19,2013,Brazil,Confederations Cup,Away,0,2,-2,Loss
3604,1952-04-06,1952,Brazil,Pan American Championship,Neutral,0,2,-2,Loss
46710,2023-11-17,2023,Honduras,CONCACAF Nations League,Away,0,2,-2,Loss
42076,2018-11-16,2018,Argentina,Friendly,Away,0,2,-2,Loss
7385,1968-07-07,1968,Brazil,Friendly,Home,0,2,-2,Loss
26494,2002-06-17,2002,United States,FIFA World Cup,Neutral,0,2,-2,Loss
25601,2001-05-30,2001,Australia,Confederations Cup,Neutral,0,2,-2,Loss
17860,1991-07-05,1991,United States,Gold Cup,Away,0,2,-2,Loss
4223,1956-03-04,1956,Peru,Pan American Championship,Home,0,2,-2,Loss
38718,2015-06-07,2015,Brazil,Friendly,Away,0,2,-2,Loss
5503,1962-05-30,1962,Brazil,FIFA World Cup,Neutral,0,2,-2,Loss
18444,1992-08-26,1992,Romania,Friendly,Away,0,2,-2,Loss
47917,2024-11-15,2024,Honduras,CONCACAF Nations League,Away,0,2,-2,Loss
18772,1993-02-10,1993,Romania,Friendly,Home,0,2,-2,Loss
21291,1996-08-31,1996,France,Friendly,Away,0,2,-2,Loss
41692,2018-07-02,2018,Brazil,FIFA World Cup,Neutral,0,2,-2,Loss
7640,1969-04-16,1969,Belgium,Friendly,Away,0,2,-2,Loss
29464,2005-09-03,2005,United States,FIFA World Cup qualification,Away,0,2,-2,Loss
6906,1967-01-08,1967,Switzerland,Friendly,Home,0,2,-2,Loss
21794,1997-03-29,1997,England,Friendly,Away,0,2,-2,Loss
25012,2000-10-25,2000,United States,Friendly,Away,0,2,-2,Loss
27666,2003-10-15,2003,Uruguay,Friendly,Neutral,0,2,-2,Loss
25099,2000-12-20,2000,Argentina,Friendly,Neutral,0,2,-2,Loss
18665,1992-11-29,1992,Costa Rica,FIFA World Cup qualification,Away,0,2,-2,Loss
12255,1980-06-08,1980,Brazil,Friendly,Away,0,2,-2,Loss
41619,2018-06-09,2018,Denmark,Friendly,Away,0,2,-2,Loss
32797,2009-02-11,2009,United States,FIFA World Cup qualification,Away,0,2,-2,Loss
25274,2001-02-28,2001,United States,FIFA World Cup qualification,Away,0,2,-2,Loss
25149,2001-01-24,2001,Bulgaria,Friendly,Home,0,2,-2,Loss
7050,1967-05-28,1967,Russia,Friendly,Away,0,2,-2,Loss
38642,2015-04-15,2015,United States,Friendly,Away,0,2,-2,Loss
47100,2024-03-24,2024,United States,CONCACAF Nations League,Away,0,2,-2,Loss
37314,2013-09-10,2013,United States,FIFA World Cup qualification,Away,0,2,-2,Loss
8569,1971-09-25,1971,Italy,Friendly,Away,0,2,-2,Loss
7934,1969-11-30,1969,Costa Rica,CONCACAF Championship,Away,0,2,-2,Loss
23729,1999-07-14,1999,Brazil,Copa América,Neutral,0,2,-2,Loss
45739,2022-11-26,2022,Argentina,FIFA World Cup,Neutral,0,2,-2,Loss
5518,1962-06-03,1962,Spain,FIFA World Cup,Neutral,0,1,-1,Loss
37838,2014-06-06,2014,Portugal,Friendly,Neutral,0,1,-1,Loss
32735,2009-01-28,2009,Sweden,Friendly,Neutral,0,1,-1,Loss
24765,2000-07-23,2000,Trinidad and Tobago,FIFA World Cup qualification,Away,0,1,-1,Loss
36086,2012-08-15,2012,United States,Friendly,Home,0,1,-1,Loss
19773,1994-06-19,1994,Norway,FIFA World Cup,Neutral,0,1,-1,Loss
34918,2011-07-08,2011,Peru,Copa América,Neutral,0,1,-1,Loss
29965,2006-05-27,2006,France,Friendly,Away,0,1,-1,Loss
5236,1961-03-22,1961,Costa Rica,FIFA World Cup qualification,Away,0,1,-1,Loss
33904,2010-06-22,2010,Uruguay,FIFA World Cup,Neutral,0,1,-1,Loss
29805,2006-02-15,2006,South Korea,Friendly,Neutral,0,1,-1,Loss
32580,2008-11-19,2008,Honduras,FIFA World Cup qualification,Away,0,1,-1,Loss
41429,2018-03-27,2018,Croatia,Friendly,Neutral,0,1,-1,Loss
28127,2004-04-28,2004,United States,Friendly,Away,0,1,-1,Loss
8523,1971-08-18,1971,German DR,Friendly,Home,0,1,-1,Loss
45476,2022-08-31,2022,Paraguay,Friendly,Neutral,0,1,-1,Loss
6982,1967-03-10,1967,Guatemala,CONCACAF Championship,Neutral,0,1,-1,Loss
32437,2008-10-11,2008,Jamaica,FIFA World Cup qualification,Away,0,1,-1,Loss
42004,2018-10-16,2018,Chile,Friendly,Home,0,1,-1,Loss
26082,2001-11-14,2001,Spain,Friendly,Away,0,1,-1,Loss
37806,2014-06-03,2014,Bosnia and Herzegovina,Friendly,Neutral,0,1,-1,Loss
10838,1977-02-08,1977,Yugoslavia,Friendly,Home,0,1,-1,Loss
43811,2021-03-27,2021,Wales,Friendly,Away,0,1,-1,Loss
21452,1996-10-23,1996,Ecuador,Friendly,Neutral,0,1,-1,Loss
8000,1970-03-08,1970,Peru,Friendly,Away,0,1,-1,Loss
31159,2007-08-22,2007,Colombia,Friendly,Neutral,0,1,-1,Loss
12133,1980-02-26,1980,South Korea,Friendly,Neutral,0,1,-1,Loss
26931,2003-02-04,2003,Argentina,Friendly,Neutral,0,1,-1,Loss
47433,2024-06-26,2024,Venezuela,Copa América,Neutral,0,1,-1,Loss
21527,1996-11-17,1996,Jamaica,FIFA World Cup qualification,Away,0,1,-1,Loss
40871,2017-07-23,2017,Jamaica,Gold Cup,Neutral,0,1,-1,Loss
23951,1999-10-13,1999,Paraguay,Friendly,Neutral,0,1,-1,Loss
19744,1994-06-04,1994,United States,Friendly,Away,0,1,-1,Loss
13028,1981-11-06,1981,El Salvador,CONCACAF Championship,Neutral,0,1,-1,Loss
44283,2021-08-01,2021,United States,Gold Cup,Away,0,1,-1,Loss
7996,1970-03-01,1970,Sweden,Friendly,Home,0,1,-1,Loss
41867,2018-09-11,2018,United States,Friendly,Away,0,1,-1,Loss
25831,2001-07-29,2001,Colombia,Copa América,Away,0,1,-1,Loss
46227,2023-07-02,2023,Qatar,Gold Cup,Neutral,0,1,-1,Loss
34932,2011-07-12,2011,Uruguay,Copa América,Neutral,0,1,-1,Loss
5455,1962-03-28,1962,Argentina,Friendly,Away,0,1,-1,Loss
30900,2007-06-05,2007,Paraguay,Friendly,Home,0,1,-1,Loss
14391,1984-10-28,1984,Chile,Friendly,Away,0,1,-1,Loss
11329,1978-04-11,1978,Peru,Friendly,Neutral,0,1,-1,Loss
19487,1993-12-16,1993,Brazil,Friendly,Home,0,1,-1,Loss
32391,2008-09-24,2008,Chile,Friendly,Neutral,0,1,-1,Loss
7682,1969-05-20,1969,Peru,Friendly,Home,0,1,-1,Loss
7658,1969-05-01,1969,Sweden,Friendly,Away,0,1,-1,Loss
7937,1969-12-02,1969,Guatemala,CONCACAF Championship,Neutral,0,1,-1,Loss
10333,1975-10-20,1975,Israel,Friendly,Away,0,1,-1,Loss
25808,2001-07-18,2001,Peru,Copa América,Neutral,0,1,-1,Loss
9418,1973-08-05,1973,Poland,Friendly,Neutral,0,1,-1,Loss
10700,1976-10-10,1976,Canada,CONCACAF Championship qualification,Away,0,1,-1,Loss
23341,1999-02-10,1999,Argentina,Friendly,Neutral,0,1,-1,Loss
8977,1972-08-06,1972,Costa Rica,Friendly,Away,0,1,-1,Loss
10236,1975-08-03,1975,German DR,Friendly,Neutral,0,1,-1,Loss
26007,2001-10-07,2001,Costa Rica,FIFA World Cup qualification,Away,0,0,0,Draw
17621,1991-01-29,1991,Colombia,Friendly,Home,0,0,0,Draw
7302,1968-03-10,1968,Russia,Friendly,Home,0,0,0,Draw
21649,1997-01-22,1997,Peru,USA Cup,Neutral,0,0,0,Draw
38776,2015-06-12,2015,Bolivia,Copa América,Neutral,0,0,0,Draw
5381,1961-11-05,1961,Paraguay,FIFA World Cup qualification,Away,0,0,0,Draw
23478,1999-04-14,1999,Ecuador,Friendly,Home,0,0,0,Draw
13075,1981-11-22,1981,Honduras,CONCACAF Championship,Away,0,0,0,Draw
44105,2021-06-12,2021,Honduras,Friendly,Neutral,0,0,0,Draw
17577,1990-12-12,1990,Brazil,Friendly,Neutral,0,0,0,Draw
27773,2003-11-19,2003,Iceland,Friendly,Neutral,0,0,0,Draw
36969,2013-06-07,2013,Panama,FIFA World Cup qualification,Away,0,0,0,Draw
27188,2003-05-08,2003,United States,Friendly,Away,0,0,0,Draw
48593,2025-09-06,2025,Japan,Friendly,Neutral,0,0,0,Draw
44974,2022-03-24,2022,United States,FIFA World Cup qualification,Home,0,0,0,Draw
45723,2022-11-22,2022,Poland,FIFA World Cup,Neutral,0,0,0,Draw
47618,2024-09-10,2024,Canada,Friendly,Neutral,0,0,0,Draw
44238,2021-07-10,2021,Trinidad and Tobago,Gold Cup,Neutral,0,0,0,Draw
43965,2021-06-03,2021,Costa Rica,CONCACAF Nations League,Neutral,0,0,0,Draw
7298,1968-03-03,1968,Russia,Friendly,Home,0,0,0,Draw
21028,1996-05-23,1996,Serbia,Kirin Cup,Neutral,0,0,0,Draw
27172,2003-04-30,2003,Brazil,Friendly,Home,0,0,0,Draw
38026,2014-09-06,2014,Chile,Friendly,Neutral,0,0,0,Draw
25800,2001-07-15,2001,Paraguay,Copa América,Neutral,0,0,0,Draw
40856,2017-07-13,2017,Jamaica,Gold Cup,Neutral,0,0,0,Draw
31045,2007-07-04,2007,Chile,Copa América,Neutral,0,0,0,Draw
8326,1971-02-17,1971,Russia,Friendly,Home,0,0,0,Draw
19579,1994-03-02,1994,Colombia,Friendly,Home,0,0,0,Draw
22439,1997-11-02,1997,United States,FIFA World Cup qualification,Home,0,0,0,Draw
44927,2022-01-30,2022,Costa Rica,FIFA World Cup qualification,Home,0,0,0,Draw
14241,1984-08-08,1984,Republic of Ireland,Friendly,Away,0,0,0,Draw
7651,1969-04-23,1969,Spain,Friendly,Away,0,0,0,Draw
36870,2013-03-26,2013,United States,FIFA World Cup qualification,Home,0,0,0,Draw
45249,2022-06-05,2022,Ecuador,Friendly,Neutral,0,0,0,Draw
19494,1993-12-22,1993,Germany,Friendly,Home,0,0,0,Draw
7635,1969-04-06,1969,Portugal,Friendly,Away,0,0,0,Draw
19182,1993-06-23,1993,Bolivia,Copa América,Neutral,0,0,0,Draw
26960,2003-02-12,2003,Colombia,Friendly,Neutral,0,0,0,Draw
40340,2016-11-15,2016,Panama,FIFA World Cup qualification,Away,0,0,0,Draw
38910,2015-07-01,2015,Honduras,Friendly,Neutral,0,0,0,Draw
47448,2024-06-30,2024,Ecuador,Copa América,Neutral,0,0,0,Draw
49183,2026-03-28,2026,Portugal,Friendly,Home,0,0,0,Draw
26206,2002-01-27,2002,South Korea,Gold Cup,Neutral,0,0,0,Draw
10691,1976-10-03,1976,United States,CONCACAF Championship qualification,Away,0,0,0,Draw
17693,1991-04-17,1991,Costa Rica,Friendly,Away,0,0,0,Draw
15373,1986-06-21,1986,Germany,FIFA World Cup,Home,0,0,0,Draw
10731,1976-10-27,1976,Canada,CONCACAF Championship qualification,Home,0,0,0,Draw
6276,1965-04-25,1965,Costa Rica,FIFA World Cup qualification,Away,0,0,0,Draw
33740,2010-03-24,2010,Iceland,Friendly,Neutral,0,0,0,Draw
5281,1961-05-21,1961,Curaçao,FIFA World Cup qualification,Away,0,0,0,Draw
36888,2013-04-17,2013,Peru,Friendly,Neutral,0,0,0,Draw
9589,1973-11-30,1973,Guatemala,CONCACAF Championship,Neutral,0,0,0,Draw
22465,1997-11-16,1997,Jamaica,FIFA World Cup qualification,Away,0,0,0,Draw
23958,1999-10-27,1999,Ecuador,Friendly,Neutral,0,0,0,Draw
15031,1985-10-18,1985,Jordan,Friendly,Away,0,0,0,Draw
14979,1985-09-20,1985,Peru,Friendly,Neutral,0,0,0,Draw
8328,1971-02-20,1971,Russia,Friendly,Home,0,0,0,Draw
22806,1998-06-03,1998,Saudi Arabia,Friendly,Neutral,0,0,0,Draw
21765,1997-03-16,1997,Costa Rica,FIFA World Cup qualification,Away,0,0,0,Draw
33751,2010-05-07,2010,Ecuador,Friendly,Neutral,0,0,0,Draw
37877,2014-06-17,2014,Brazil,FIFA World Cup,Away,0,0,0,Draw
20408,1995-06-21,1995,Colombia,USA Cup,Neutral,0,0,0,Draw
27431,2003-07-17,2003,Honduras,Gold Cup,Home,0,0,0,Draw
8058,1970-05-31,1970,Russia,FIFA World Cup,Home,0,0,0,Draw
48488,2025-06-22,2025,Costa Rica,Gold Cup,Neutral,0,0,0,Draw
17653,1991-03-13,1991,Argentina,Friendly,Away,0,0,0,Draw
7995,1970-02-26,1970,Russia,Friendly,Home,0,0,0,Draw
4235,1956-03-13,1956,Argentina,Pan American Championship,Home,0,0,0,Draw
37009,2013-06-11,2013,Costa Rica,FIFA World Cup qualification,Home,0,0,0,Draw
7577,1968-12-22,1968,Germany,Friendly,Home,0,0,0,Draw
19370,1993-09-29,1993,Poland,Friendly,Neutral,0,0,0,Draw
23955,1999-10-20,1999,Colombia,Friendly,Neutral,0,0,0,Draw
28954,2005-01-26,2005,Sweden,Friendly,Neutral,0,0,0,Draw
5754,1963-03-30,1963,Costa Rica,CONCACAF Championship,Neutral,0,0,0,Draw
45129,2022-04-27,2022,Guatemala,Friendly,Neutral,0,0,0,Draw
18388,1992-08-02,1992,Colombia,Friendly,Neutral,0,0,0,Draw
7693,1969-06-01,1969,England,Friendly,Home,0,0,0,Draw
22770,1998-05-23,1998,Republic of Ireland,Friendly,Away,0,0,0,Draw
30059,2006-06-16,2006,Angola,FIFA World Cup,Neutral,0,0,0,Draw
40078,2016-09-06,2016,Honduras,FIFA World Cup qualification,Home,0,0,0,Draw
41484,2018-05-28,2018,Wales,Friendly,Neutral,0,0,0,Draw
20461,1995-07-17,1995,United States,Copa América,Neutral,0,0,0,Draw
6717,1966-07-19,1966,Uruguay,FIFA World Cup,Neutral,0,0,0,Draw
36712,2013-02-06,2013,Jamaica,FIFA World Cup qualification,Home,0,0,0,Draw
7991,1970-02-22,1970,Sweden,Friendly,Home,0,0,0,Draw
48920,2025-11-15,2025,Uruguay,Friendly,Home,0,0,0,Draw
7946,1969-12-07,1969,Trinidad and Tobago,CONCACAF Championship,Neutral,0,0,0,Draw
25048,2000-11-15,2000,Canada,FIFA World Cup qualification,Away,0,0,0,Draw
8647,1971-11-21,1971,Haiti,CONCACAF Championship,Neutral,0,0,0,Draw
29303,2005-06-22,2005,Greece,Confederations Cup,Neutral,0,0,0,Draw
15038,1985-10-25,1985,Kuwait,Friendly,Away,0,0,0,Draw
33096,2009-06-28,2009,Guatemala,Friendly,Neutral,0,0,0,Draw
38935,2015-07-12,2015,Guatemala,Gold Cup,Neutral,0,0,0,Draw
1285,1928-05-30,1928,Spain,Olympic Games,Neutral,1,7,-6,Loss
19524,1994-01-26,1994,Switzerland,Friendly,Neutral,1,5,-4,Loss
3400,1950-06-28,1950,Yugoslavia,FIFA World Cup,Neutral,1,4,-3,Loss
31943,2008-06-04,2008,Argentina,Friendly,Neutral,1,4,-3,Loss
41766,2018-09-07,2018,Uruguay,Friendly,Neutral,1,4,-3,Loss
40806,2017-06-29,2017,Germany,Confederations Cup,Neutral,1,4,-3,Loss
19538,1994-02-02,1994,Russia,Friendly,Neutral,1,4,-3,Loss
20667,1995-11-16,1995,Serbia,Friendly,Home,1,4,-3,Loss
2260,1937-11-28,1937,Basque Country,Friendly,Home,1,4,-3,Loss
1492,1930-07-13,1930,France,FIFA World Cup,Neutral,1,4,-3,Loss
6672,1966-06-22,1966,Northern Ireland,Friendly,Away,1,4,-3,Loss
8087,1970-06-14,1970,Italy,FIFA World Cup,Home,1,4,-3,Loss
33922,2010-06-27,2010,Argentina,FIFA World Cup,Neutral,1,3,-2,Loss
22122,1997-06-25,1997,Bolivia,Copa América,Away,1,3,-2,Loss
785,1923-01-04,1923,Guatemala,Friendly,Away,1,3,-2,Loss
3593,1952-03-23,1952,Uruguay,Pan American Championship,Neutral,1,3,-2,Loss
11401,1978-06-10,1978,Poland,FIFA World Cup,Neutral,1,3,-2,Loss
7664,1969-05-06,1969,Denmark,Friendly,Away,1,3,-2,Loss
7489,1968-10-23,1968,Chile,Friendly,Away,1,3,-2,Loss
27473,2003-08-20,2003,Peru,Friendly,Neutral,1,3,-2,Loss
15009,1985-10-11,1985,Libya,Friendly,Away,1,3,-2,Loss
22495,1997-12-12,1997,Australia,Confederations Cup,Neutral,1,3,-2,Loss
33775,2010-05-24,2010,England,Friendly,Away,1,3,-2,Loss
32894,2009-04-01,2009,Honduras,FIFA World Cup qualification,Away,1,3,-2,Loss
25717,2001-06-20,2001,Honduras,FIFA World Cup qualification,Away,1,3,-2,Loss
2408,1938-10-30,1938,Basque Country,Friendly,Home,1,3,-2,Loss
31286,2007-09-12,2007,Brazil,Friendly,Neutral,1,3,-2,Loss
11385,1978-06-02,1978,Tunisia,FIFA World Cup,Neutral,1,3,-2,Loss
1294,1928-06-05,1928,Chile,Olympic Games,Neutral,1,3,-2,Loss
33791,2010-05-26,2010,Netherlands,Friendly,Neutral,1,2,-1,Loss
2263,1937-12-05,1937,Basque Country,Friendly,Home,1,2,-1,Loss
38867,2015-06-19,2015,Ecuador,Copa América,Neutral,1,2,-1,Loss
8177,1970-09-30,1970,Brazil,Friendly,Away,1,2,-1,Loss
26262,2002-02-13,2002,Serbia,Friendly,Neutral,1,2,-1,Loss
7055,1967-06-04,1967,Belarus,Friendly,Away,1,2,-1,Loss
37918,2014-06-29,2014,Netherlands,FIFA World Cup,Neutral,1,2,-1,Loss
27398,2003-07-06,2003,El Salvador,Friendly,Neutral,1,2,-1,Loss
20224,1995-03-29,1995,Chile,Friendly,Neutral,1,2,-1,Loss
40828,2017-07-02,2017,Portugal,Confederations Cup,Neutral,1,2,-1,Loss
33335,2009-09-30,2009,Colombia,Friendly,Neutral,1,2,-1,Loss
23507,1999-04-28,1999,Paraguay,Friendly,Away,1,2,-1,Loss
20765,1995-12-20,1995,Jamaica,Friendly,Away,1,2,-1,Loss
5010,1960-03-15,1960,Brazil,Pan American Championship,Neutral,1,2,-1,Loss
15163,1986-02-15,1986,German DR,Friendly,Neutral,1,2,-1,Loss
14568,1985-02-06,1985,Switzerland,Friendly,Home,1,2,-1,Loss
9425,1973-08-08,1973,Poland,Friendly,Home,1,2,-1,Loss
5258,1961-04-29,1961,Czechoslovakia,Friendly,Away,1,2,-1,Loss
34045,2010-09-04,2010,Ecuador,Friendly,Home,1,2,-1,Loss
23630,1999-06-16,1999,Croatia,Korea Cup,Neutral,1,2,-1,Loss
30004,2006-06-01,2006,Netherlands,Friendly,Away,1,2,-1,Loss
37378,2013-10-15,2013,Costa Rica,FIFA World Cup qualification,Away,1,2,-1,Loss
34907,2011-07-04,2011,Chile,Copa América,Neutral,1,2,-1,Loss
48994,2025-11-18,2025,Paraguay,Friendly,Neutral,1,2,-1,Loss
19205,1993-07-04,1993,Argentina,Copa América,Neutral,1,2,-1,Loss
25611,2001-06-01,2001,South Korea,Confederations Cup,Away,1,2,-1,Loss
45650,2022-11-16,2022,Sweden,Friendly,Neutral,1,2,-1,Loss
40590,2017-05-28,2017,Croatia,Friendly,Neutral,1,2,-1,Loss
31003,2007-06-24,2007,United States,Gold Cup,Away,1,2,-1,Loss
22885,1998-06-29,1998,Germany,FIFA World Cup,Neutral,1,2,-1,Loss
3410,1950-07-02,1950,Switzerland,FIFA World Cup,Neutral,1,2,-1,Loss
7504,1968-11-03,1968,Brazil,Friendly,Away,1,2,-1,Loss
24211,2000-02-20,2000,Canada,Gold Cup,Neutral,1,2,-1,Loss
20426,1995-07-06,1995,Paraguay,Copa América,Neutral,1,2,-1,Loss
30086,2006-06-24,2006,Argentina,FIFA World Cup,Neutral,1,2,-1,Loss
37234,2013-09-06,2013,Honduras,FIFA World Cup qualification,Home,1,2,-1,Loss
18869,1993-04-04,1993,El Salvador,FIFA World Cup qualification,Away,1,2,-1,Loss
20853,1996-02-07,1996,Chile,Friendly,Away,1,2,-1,Loss
30937,2007-06-10,2007,Honduras,Gold Cup,Neutral,1,2,-1,Loss
37039,2013-06-16,2013,Italy,Confederations Cup,Neutral,1,2,-1,Loss
30077,2006-06-21,2006,Portugal,FIFA World Cup,Neutral,1,2,-1,Loss
29358,2005-07-17,2005,Colombia,Gold Cup,Neutral,1,2,-1,Loss
24153,2000-02-08,2000,Czech Republic,Lunar New Year Cup,Neutral,1,2,-1,Loss
7639,1969-04-10,1969,Luxembourg,Friendly,Away,1,2,-1,Loss
17267,1990-05-13,1990,Canada,NAFU Championship,Away,1,2,-1,Loss
15034,1985-10-20,1985,Egypt,Friendly,Away,1,2,-1,Loss
5740,1963-03-24,1963,Curaçao,CONCACAF Championship,Neutral,1,2,-1,Loss
29599,2005-10-12,2005,Trinidad and Tobago,FIFA World Cup qualification,Away,1,2,-1,Loss
9488,1973-09-20,1973,Chile,Friendly,Home,1,2,-1,Loss
32985,2009-06-06,2009,El Salvador,FIFA World Cup qualification,Away,1,2,-1,Loss
20729,1995-12-06,1995,Slovenia,Friendly,Home,1,2,-1,Loss
29318,2005-07-08,2005,South Africa,Gold Cup,Neutral,1,2,-1,Loss
7865,1969-11-02,1969,Bermuda,CONCACAF Championship qualification,Away,1,2,-1,Loss
37132,2013-07-24,2013,Panama,Gold Cup,Neutral,1,2,-1,Loss
12541,1980-11-23,1980,United States,CONCACAF Championship qualification,Away,1,2,-1,Loss
37080,2013-07-07,2013,Panama,Gold Cup,Neutral,1,2,-1,Loss
23706,1999-07-03,1999,Brazil,Copa América,Neutral,1,2,-1,Loss
25703,2001-06-16,2001,Costa Rica,FIFA World Cup qualification,Home,1,2,-1,Loss
21358,1996-09-21,1996,Honduras,FIFA World Cup qualification,Away,1,2,-1,Loss
35354,2011-10-11,2011,Brazil,Friendly,Home,1,2,-1,Loss
44756,2021-11-16,2021,Canada,FIFA World Cup qualification,Away,1,2,-1,Loss
4228,1956-03-08,1956,Brazil,Pan American Championship,Home,1,2,-1,Loss
19148,1993-06-16,1993,Colombia,Copa América,Neutral,1,2,-1,Loss
35043,2011-08-10,2011,United States,Friendly,Away,1,1,0,Draw
19254,1993-07-15,1993,Costa Rica,Gold Cup,Home,1,1,0,Draw
14386,1984-10-25,1984,Argentina,Friendly,Away,1,1,0,Draw
19797,1994-06-28,1994,Italy,FIFA World Cup,Neutral,1,1,0,Draw
20441,1995-07-13,1995,Uruguay,Copa América,Away,1,1,0,Draw
22095,1997-06-19,1997,Costa Rica,Copa América,Neutral,1,1,0,Draw
48816,2025-10-14,2025,Ecuador,Friendly,Home,1,1,0,Draw
20131,1995-01-10,1995,Denmark,Confederations Cup,Neutral,1,1,0,Draw
23624,1999-06-12,1999,South Korea,Korea Cup,Away,1,1,0,Draw
14246,1984-08-11,1984,German DR,Friendly,Away,1,1,0,Draw
18055,1991-11-27,1991,Costa Rica,Friendly,Neutral,1,1,0,Draw
12613,1981-01-20,1981,Bulgaria,Friendly,Home,1,1,0,Draw
22110,1997-06-22,1997,Ecuador,Copa América,Neutral,1,1,0,Draw
7301,1968-03-07,1968,Russia,Friendly,Home,1,1,0,Draw
13037,1981-11-11,1981,Haiti,CONCACAF Championship,Neutral,1,1,0,Draw
45421,2022-06-14,2022,Jamaica,CONCACAF Nations League,Away,1,1,0,Draw
6255,1965-04-06,1965,Costa Rica,CONCACAF Championship,Neutral,1,1,0,Draw
12454,1980-10-18,1980,Canada,CONCACAF Championship qualification,Away,1,1,0,Draw
18165,1992-03-11,1992,Russia,Friendly,Home,1,1,0,Draw
14264,1984-08-22,1984,Sweden,Friendly,Away,1,1,0,Draw
14398,1984-10-31,1984,Uruguay,Friendly,Away,1,1,0,Draw
44455,2021-09-08,2021,Panama,FIFA World Cup qualification,Away,1,1,0,Draw
27966,2004-02-18,2004,Chile,Friendly,Neutral,1,1,0,Draw
9593,1973-12-03,1973,Honduras,CONCACAF Championship,Neutral,1,1,0,Draw
14945,1985-08-27,1985,Bulgaria,Friendly,Neutral,1,1,0,Draw
27054,2003-03-26,2003,Paraguay,Friendly,Neutral,1,1,0,Draw
44484,2021-10-07,2021,Canada,FIFA World Cup qualification,Home,1,1,0,Draw
25497,2001-04-25,2001,Trinidad and Tobago,FIFA World Cup qualification,Away,1,1,0,Draw
42706,2019-06-29,2019,Costa Rica,Gold Cup,Neutral,1,1,0,Draw
29152,2005-04-27,2005,Poland,Friendly,Neutral,1,1,0,Draw
33165,2009-07-23,2009,Costa Rica,Gold Cup,Neutral,1,1,0,Draw
46033,2023-04-19,2023,United States,Friendly,Away,1,1,0,Draw
29043,2005-03-09,2005,Argentina,Friendly,Neutral,1,1,0,Draw
7983,1970-02-15,1970,Bulgaria,Friendly,Home,1,1,0,Draw
33149,2009-07-09,2009,Panama,Gold Cup,Neutral,1,1,0,Draw
29133,2005-03-30,2005,Panama,FIFA World Cup qualification,Away,1,1,0,Draw
19168,1993-06-20,1993,Argentina,Copa América,Neutral,1,1,0,Draw
35127,2011-09-02,2011,Poland,Friendly,Away,1,1,0,Draw
29307,2005-06-26,2005,Argentina,Confederations Cup,Neutral,1,1,0,Draw
26483,2002-06-13,2002,Italy,FIFA World Cup,Neutral,1,1,0,Draw
13047,1981-11-15,1981,Canada,CONCACAF Championship,Neutral,1,1,0,Draw
40716,2017-06-11,2017,United States,FIFA World Cup qualification,Home,1,1,0,Draw
5277,1961-05-16,1961,Norway,Friendly,Away,1,1,0,Draw
20134,1995-01-13,1995,Nigeria,Confederations Cup,Neutral,1,1,0,Draw
19812,1994-07-05,1994,Bulgaria,FIFA World Cup,Neutral,1,1,0,Draw
38697,2015-06-03,2015,Peru,Friendly,Away,1,1,0,Draw
10978,1977-05-17,1977,Peru,Friendly,Home,1,1,0,Draw
12089,1979-12-18,1979,El Salvador,Friendly,Home,1,1,0,Draw
33865,2010-06-11,2010,South Africa,FIFA World Cup,Away,1,1,0,Draw
15063,1985-11-14,1985,Argentina,Friendly,Neutral,1,1,0,Draw
19393,1993-10-13,1993,United States,Friendly,Away,1,1,0,Draw
12518,1980-11-16,1980,Canada,CONCACAF Championship qualification,Home,1,1,0,Draw
15342,1986-06-07,1986,Paraguay,FIFA World Cup,Home,1,1,0,Draw
18748,1993-01-27,1993,Spain,Friendly,Away,1,1,0,Draw
8558,1971-09-18,1971,German DR,Friendly,Away,1,1,0,Draw
4590,1957-10-27,1957,Costa Rica,FIFA World Cup qualification,Away,1,1,0,Draw
33973,2010-08-11,2010,Spain,Friendly,Home,1,1,0,Draw
9699,1974-03-31,1974,Brazil,Friendly,Away,1,1,0,Draw
4710,1958-06-11,1958,Wales,FIFA World Cup,Neutral,1,1,0,Draw
18548,1992-10-14,1992,Germany,Friendly,Away,1,1,0,Draw
14304,1984-09-18,1984,Argentina,Friendly,Home,1,1,0,Draw
10862,1977-02-22,1977,Hungary,Friendly,Home,1,1,0,Draw
6666,1966-06-19,1966,Switzerland,Friendly,Away,1,1,0,Draw
10291,1975-08-31,1975,Argentina,Friendly,Home,1,1,0,Draw
19512,1994-01-19,1994,Bulgaria,Friendly,Neutral,1,1,0,Draw
34724,2011-05-28,2011,Ecuador,Friendly,Neutral,1,1,0,Draw
49233,2026-03-31,2026,Belgium,Friendly,Neutral,1,1,0,Draw
17856,1991-07-02,1991,Honduras,Gold Cup,Neutral,1,1,0,Draw
29026,2005-02-23,2005,Colombia,Friendly,Home,1,1,0,Draw
18421,1992-08-19,1992,Bulgaria,Friendly,Away,1,1,0,Draw
18039,1991-11-20,1991,Uruguay,Friendly,Home,1,1,0,Draw
18689,1992-12-13,1992,Honduras,FIFA World Cup qualification,Away,1,1,0,Draw
24200,2000-02-17,2000,Guatemala,Gold Cup,Neutral,1,1,0,Draw
39877,2016-06-13,2016,Venezuela,Copa América,Neutral,1,1,0,Draw
12349,1980-08-26,1980,Australia,Friendly,Away,1,1,0,Draw
34683,2011-03-29,2011,Venezuela,Friendly,Neutral,1,1,0,Draw
4219,1956-02-26,1956,Costa Rica,Pan American Championship,Home,1,1,0,Draw
14843,1985-06-02,1985,Italy,Friendly,Home,1,1,0,Draw
22674,1998-03-18,1998,Paraguay,Friendly,Home,1,1,0,Draw
7583,1969-01-05,1969,Italy,Friendly,Home,1,1,0,Draw
8458,1971-07-06,1971,Greece,Friendly,Home,1,1,0,Draw
15071,1985-11-17,1985,Argentina,Friendly,Home,1,1,0,Draw
6703,1966-07-13,1966,France,FIFA World Cup,Neutral,1,1,0,Draw
40980,2017-09-05,2017,Costa Rica,FIFA World Cup qualification,Away,1,1,0,Draw
15208,1986-03-06,1986,Denmark,Friendly,Neutral,1,1,0,Draw
19293,1993-08-08,1993,Brazil,Friendly,Away,1,1,0,Draw
36219,2012-09-11,2012,Costa Rica,FIFA World Cup qualification,Home,1,0,1,Win
24139,2000-02-05,2000,Japan,Lunar New Year Cup,Neutral,1,0,1,Win
8083,1970-06-11,1970,Belgium,FIFA World Cup,Home,1,0,1,Win
49273,2026-05-30,2026,Australia,Friendly,Neutral,1,0,1,Win
38175,2014-10-12,2014,Panama,Friendly,Home,1,0,1,Win
13571,1983-03-22,1983,Costa Rica,Friendly,Home,1,0,1,Win
22614,1998-02-12,1998,Jamaica,Gold Cup,Neutral,1,0,1,Win
27443,2003-07-27,2003,Brazil,Gold Cup,Home,1,0,1,Win
23759,1999-07-29,1999,Bolivia,Confederations Cup,Home,1,0,1,Win
40205,2016-10-11,2016,Panama,Friendly,Neutral,1,0,1,Win
17678,1991-04-09,1991,Chile,Friendly,Home,1,0,1,Win
7479,1968-10-16,1968,Colombia,Friendly,Away,1,0,1,Win
40440,2017-02-08,2017,Iceland,Friendly,Neutral,1,0,1,Win
19358,1993-09-22,1993,Cameroon,Friendly,Neutral,1,0,1,Win
26169,2002-01-19,2002,El Salvador,Gold Cup,Neutral,1,0,1,Win
13565,1983-03-15,1983,Costa Rica,Friendly,Away,1,0,1,Win
44270,2021-07-18,2021,El Salvador,Gold Cup,Neutral,1,0,1,Win
30950,2007-06-13,2007,Panama,Gold Cup,Neutral,1,0,1,Win
12168,1980-03-18,1980,Honduras,Friendly,Away,1,0,1,Win
37864,2014-06-13,2014,Cameroon,FIFA World Cup,Neutral,1,0,1,Win
44396,2021-09-05,2021,Costa Rica,FIFA World Cup qualification,Away,1,0,1,Win
26400,2002-05-16,2002,Bolivia,Friendly,Neutral,1,0,1,Win
34088,2010-09-07,2010,Colombia,Friendly,Home,1,0,1,Win
29342,2005-07-13,2005,Jamaica,Gold Cup,Neutral,1,0,1,Win
24753,2000-07-16,2000,Panama,FIFA World Cup qualification,Away,1,0,1,Win
6618,1966-05-11,1966,Chile,Friendly,Home,1,0,1,Win
7878,1969-11-05,1969,Belgium,Friendly,Home,1,0,1,Win
12366,1980-09-02,1980,Tahiti,Friendly,Away,1,0,1,Win
5458,1962-04-01,1962,Colombia,Friendly,Away,1,0,1,Win
33756,2010-05-13,2010,Angola,Friendly,Neutral,1,0,1,Win
15271,1986-04-13,1986,Uruguay,Friendly,Neutral,1,0,1,Win
49113,2026-01-22,2026,Panama,Friendly,Away,1,0,1,Win
45538,2022-09-24,2022,Peru,Friendly,Neutral,1,0,1,Win
31256,2007-09-09,2007,Panama,Friendly,Home,1,0,1,Win
20151,1995-02-01,1995,Uruguay,Friendly,Neutral,1,0,1,Win
9872,1974-09-08,1974,United States,Friendly,Away,1,0,1,Win
10250,1975-08-06,1975,German DR,Friendly,Home,1,0,1,Win
22130,1997-06-28,1997,Peru,Copa América,Neutral,1,0,1,Win
15355,1986-06-11,1986,Iraq,FIFA World Cup,Home,1,0,1,Win
26446,2002-06-03,2002,Croatia,FIFA World Cup,Neutral,1,0,1,Win
38945,2015-07-19,2015,Costa Rica,Gold Cup,Neutral,1,0,1,Win
25427,2001-04-11,2001,Chile,Friendly,Home,1,0,1,Win
8671,1971-12-02,1971,Costa Rica,CONCACAF Championship,Neutral,1,0,1,Win
34859,2011-06-27,2011,Bolivia,Friendly,Neutral,1,0,1,Win
47413,2024-06-22,2024,Jamaica,Copa América,Neutral,1,0,1,Win
48430,2025-06-10,2025,Turkey,Friendly,Neutral,1,0,1,Win
42722,2019-07-02,2019,Haiti,Gold Cup,Neutral,1,0,1,Win
9613,1973-12-18,1973,Haiti,CONCACAF Championship,Away,1,0,1,Win
5475,1962-04-25,1962,Colombia,Friendly,Home,1,0,1,Win
28411,2004-07-10,2004,Argentina,Copa América,Neutral,1,0,1,Win
12035,1979-11-01,1979,Peru,Friendly,Home,1,0,1,Win
37125,2013-07-20,2013,Trinidad and Tobago,Gold Cup,Neutral,1,0,1,Win
20816,1996-01-19,1996,Guatemala,Gold Cup,Neutral,1,0,1,Win
40571,2017-03-28,2017,Trinidad and Tobago,FIFA World Cup qualification,Away,1,0,1,Win
6634,1966-05-29,1966,Chile,Friendly,Away,1,0,1,Win
26362,2002-04-17,2002,Bulgaria,Friendly,Neutral,1,0,1,Win
20798,1996-01-14,1996,Guatemala,Gold Cup,Neutral,1,0,1,Win
5375,1961-10-29,1961,Paraguay,FIFA World Cup qualification,Home,1,0,1,Win
41190,2017-11-13,2017,Poland,Friendly,Away,1,0,1,Win
46289,2023-07-16,2023,Panama,Gold Cup,Neutral,1,0,1,Win
23685,1999-06-30,1999,Chile,Copa América,Neutral,1,0,1,Win
35166,2011-09-04,2011,Chile,Friendly,Neutral,1,0,1,Win
41649,2018-06-17,2018,Germany,FIFA World Cup,Neutral,1,0,1,Win
28690,2004-10-10,2004,Saint Vincent and the Grenadines,FIFA World Cup qualification,Away,1,0,1,Win
14859,1985-06-09,1985,England,Friendly,Home,1,0,1,Win
30976,2007-06-17,2007,Costa Rica,Gold Cup,Neutral,1,0,1,Win
22712,1998-04-15,1998,Peru,Friendly,Neutral,1,0,1,Win
41311,2018-01-31,2018,Bosnia and Herzegovina,Friendly,Neutral,1,0,1,Win
49114,2026-01-25,2026,Bolivia,Friendly,Away,1,0,1,Win
25772,2001-07-12,2001,Brazil,Copa América,Neutral,1,0,1,Win
49431,2026-06-18,2026,South Korea,FIFA World Cup,Home,1,0,1,Win
22030,1997-06-08,1997,El Salvador,FIFA World Cup qualification,Away,1,0,1,Win
14341,1984-10-11,1984,El Salvador,Friendly,Neutral,1,0,1,Win
22622,1998-02-15,1998,United States,Gold Cup,Away,1,0,1,Win
27421,2003-07-13,2003,Brazil,Gold Cup,Home,1,0,1,Win
40920,2017-09-01,2017,Panama,FIFA World Cup qualification,Home,1,0,1,Win
45047,2022-03-27,2022,Honduras,FIFA World Cup qualification,Away,1,0,1,Win
33759,2010-05-16,2010,Chile,Friendly,Home,1,0,1,Win
29927,2006-05-05,2006,Venezuela,Friendly,Neutral,1,0,1,Win
2280,1938-02-14,1938,Venezuela,Central American and Caribbean Games,Neutral,1,0,1,Win
25746,2001-07-01,2001,United States,FIFA World Cup qualification,Home,1,0,1,Win
41532,2018-06-02,2018,Scotland,Friendly,Home,1,0,1,Win
6991,1967-03-14,1967,Haiti,CONCACAF Championship,Neutral,1,0,1,Win
39683,2016-05-28,2016,Paraguay,Friendly,Neutral,1,0,1,Win
11350,1978-05-03,1978,Finland,Friendly,Away,1,0,1,Win
8575,1971-09-30,1971,Greece,Friendly,Away,1,0,1,Win
14984,1985-09-22,1985,Peru,Friendly,Neutral,1,0,1,Win
40869,2017-07-20,2017,Honduras,Gold Cup,Neutral,1,0,1,Win
33312,2009-09-09,2009,Honduras,FIFA World Cup qualification,Home,1,0,1,Win
44950,2022-02-02,2022,Panama,FIFA World Cup qualification,Home,1,0,1,Win
33753,2010-05-10,2010,Senegal,Friendly,Neutral,1,0,1,Win
14335,1984-10-09,1984,Colombia,Friendly,Neutral,1,0,1,Win
30993,2007-06-21,2007,Guadeloupe,Gold Cup,Neutral,1,0,1,Win
46124,2023-06-18,2023,Panama,CONCACAF Nations League,Neutral,1,0,1,Win
29299,2005-06-19,2005,Brazil,Confederations Cup,Neutral,1,0,1,Win
36931,2013-06-04,2013,Jamaica,FIFA World Cup qualification,Away,1,0,1,Win
8659,1971-11-28,1971,Cuba,CONCACAF Championship,Neutral,1,0,1,Win
38078,2014-09-09,2014,Bolivia,Friendly,Neutral,1,0,1,Win
29859,2006-03-01,2006,Ghana,Friendly,Neutral,1,0,1,Win
7606,1969-02-04,1969,Colombia,Friendly,Home,1,0,1,Win
23773,1999-08-01,1999,United States,Confederations Cup,Home,1,0,1,Win
42733,2019-07-07,2019,United States,Gold Cup,Away,1,0,1,Win
21109,1996-06-08,1996,Bolivia,USA Cup,Neutral,1,0,1,Win
6997,1967-03-19,1967,Honduras,CONCACAF Championship,Away,1,0,1,Win
6209,1965-02-28,1965,Honduras,FIFA World Cup qualification,Away,1,0,1,Win
15171,1986-02-19,1986,Russia,Friendly,Home,1,0,1,Win
24898,2000-09-27,2000,Bolivia,Friendly,Neutral,1,0,1,Win
31797,2008-04-16,2008,China,Friendly,Neutral,1,0,1,Win
48502,2025-07-02,2025,Honduras,Gold Cup,Neutral,1,0,1,Win
6303,1965-05-16,1965,Costa Rica,FIFA World Cup qualification,Home,1,0,1,Win
47183,2024-05-31,2024,Bolivia,Friendly,Neutral,1,0,1,Win
43449,2020-10-07,2020,Netherlands,Friendly,Away,1,0,1,Win
8987,1972-08-24,1972,Canada,CONCACAF Championship qualification,Away,1,0,1,Win
7998,1970-03-05,1970,Peru,Friendly,Away,1,0,1,Win
15964,1988-01-13,1988,Honduras,Friendly,Away,1,0,1,Win
43872,2021-03-30,2021,Costa Rica,Friendly,Neutral,1,0,1,Win
2407,1938-10-23,1938,Basque Country,Friendly,Home,2,6,-4,Loss
22765,1998-05-20,1998,Norway,Friendly,Away,2,5,-3,Loss
48375,2025-06-07,2025,Switzerland,Friendly,Neutral,2,4,-2,Loss
1877,1934-05-24,1934,United States,FIFA World Cup qualification,Neutral,2,4,-2,Loss
44027,2021-06-06,2021,United States,CONCACAF Nations League,Away,2,3,-1,Loss
49497,2026-07-05,2026,England,FIFA World Cup,Home,2,3,-1,Loss
7581,1969-01-01,1969,Italy,Friendly,Home,2,3,-1,Loss
46861,2023-12-16,2023,Colombia,Friendly,Neutral,2,3,-1,Loss
25175,2001-01-31,2001,Colombia,Friendly,Neutral,2,3,-1,Loss
41102,2017-10-10,2017,Honduras,FIFA World Cup qualification,Away,2,3,-1,Loss
38335,2014-11-18,2014,Belarus,Friendly,Away,2,3,-1,Loss
22641,1998-02-24,1998,Netherlands,Friendly,Neutral,2,3,-1,Loss
22503,1997-12-16,1997,Brazil,Confederations Cup,Neutral,2,3,-1,Loss
22082,1997-06-16,1997,Brazil,Copa América,Neutral,2,3,-1,Loss
45599,2022-09-27,2022,Colombia,Friendly,Neutral,2,3,-1,Loss
31383,2007-10-17,2007,Guatemala,Friendly,Neutral,2,3,-1,Loss
21058,1996-05-29,1996,Japan,Kirin Cup,Away,2,3,-1,Loss
8982,1972-08-09,1972,Peru,Friendly,Away,2,3,-1,Loss
10227,1975-08-01,1975,German DR,Friendly,Neutral,2,3,-1,Loss
47278,2024-06-08,2024,Brazil,Friendly,Neutral,2,3,-1,Loss
3967,1954-06-19,1954,France,FIFA World Cup,Neutral,2,3,-1,Loss
5006,1960-03-10,1960,Argentina,Pan American Championship,Neutral,2,3,-1,Loss
44625,2021-10-27,2021,Ecuador,Friendly,Neutral,2,3,-1,Loss
21884,1997-04-20,1997,United States,FIFA World Cup qualification,Away,2,2,0,Draw
36793,2013-03-22,2013,Honduras,FIFA World Cup qualification,Away,2,2,0,Draw
22871,1998-06-25,1998,Netherlands,FIFA World Cup,Neutral,2,2,0,Draw
43531,2020-10-13,2020,Algeria,Friendly,Neutral,2,2,0,Draw
48642,2025-09-09,2025,South Korea,Friendly,Neutral,2,2,0,Draw
5004,1960-03-06,1960,Brazil,Pan American Championship,Neutral,2,2,0,Draw
21126,1996-06-12,1996,Republic of Ireland,USA Cup,Neutral,2,2,0,Draw
40758,2017-06-18,2017,Portugal,Confederations Cup,Neutral,2,2,0,Draw
36914,2013-05-31,2013,Nigeria,Friendly,Neutral,2,2,0,Draw
31350,2007-10-14,2007,Nigeria,Friendly,Home,2,2,0,Draw
28403,2004-07-07,2004,Uruguay,Copa América,Neutral,2,2,0,Draw
34251,2010-10-12,2010,Venezuela,Friendly,Home,2,2,0,Draw
21156,1996-06-16,1996,United States,USA Cup,Away,2,2,0,Draw
6215,1965-03-07,1965,United States,FIFA World Cup qualification,Away,2,2,0,Draw
17652,1991-03-12,1991,United States,NAFU Championship,Away,2,2,0,Draw
24582,2000-06-04,2000,Republic of Ireland,USA Cup,Neutral,2,2,0,Draw
7942,1969-12-04,1969,Curaçao,CONCACAF Championship,Neutral,2,2,0,Draw
23206,1998-11-18,1998,Guatemala,Friendly,Neutral,2,2,0,Draw
23614,1999-06-09,1999,Argentina,Friendly,Neutral,2,2,0,Draw
7355,1968-05-28,1968,Uruguay,Friendly,Home,2,2,0,Draw
22399,1997-10-12,1997,Canada,FIFA World Cup qualification,Away,2,2,0,Draw
12344,1980-08-24,1980,Australia,Friendly,Away,2,2,0,Draw
46382,2023-09-09,2023,Australia,Friendly,Neutral,2,2,0,Draw
45957,2023-03-26,2023,Jamaica,CONCACAF Nations League,Home,2,2,0,Draw
39110,2015-09-08,2015,Argentina,Friendly,Neutral,2,2,0,Draw
32485,2008-10-15,2008,Canada,FIFA World Cup qualification,Away,2,2,0,Draw
46036,2023-06-10,2023,Cameroon,Friendly,Neutral,2,2,0,Draw
23751,1999-07-27,1999,Egypt,Confederations Cup,Home,2,2,0,Draw
46633,2023-10-17,2023,Germany,Friendly,Neutral,2,2,0,Draw
12206,1980-04-29,1980,Guatemala,Friendly,Home,2,2,0,Draw
2286,1938-02-20,1938,Panama,Central American and Caribbean Games,Away,2,2,0,Draw
20704,1995-11-29,1995,Colombia,Friendly,Neutral,2,2,0,Draw
5459,1962-04-04,1962,Colombia,Friendly,Away,2,2,0,Draw
33422,2009-10-14,2009,Trinidad and Tobago,FIFA World Cup qualification,Away,2,2,0,Draw
44802,2021-12-08,2021,Chile,Friendly,Neutral,2,2,0,Draw
11021,1977-06-14,1977,Germany,Friendly,Home,2,2,0,Draw
22850,1998-06-20,1998,Belgium,FIFA World Cup,Neutral,2,2,0,Draw
31687,2008-02-06,2008,United States,Friendly,Away,2,2,0,Draw
38883,2015-06-27,2015,Costa Rica,Friendly,Neutral,2,2,0,Draw
45755,2022-11-30,2022,Saudi Arabia,FIFA World Cup,Neutral,2,1,1,Win
35975,2012-06-12,2012,El Salvador,FIFA World Cup qualification,Away,2,1,1,Win
33840,2010-06-03,2010,Italy,Friendly,Neutral,2,1,1,Win
8995,1972-09-06,1972,Canada,CONCACAF Championship qualification,Home,2,1,1,Win
48203,2025-03-23,2025,Panama,CONCACAF Nations League,Neutral,2,1,1,Win
20413,1995-06-24,1995,Nigeria,USA Cup,Neutral,2,1,1,Win
28980,2005-02-09,2005,Costa Rica,FIFA World Cup qualification,Away,2,1,1,Win
7386,1968-07-10,1968,Brazil,Friendly,Home,2,1,1,Win
32556,2008-11-12,2008,Ecuador,Friendly,Neutral,2,1,1,Win
19571,1994-02-24,1994,Sweden,Friendly,Neutral,2,1,1,Win
873,1923-12-09,1923,Guatemala,Friendly,Home,2,1,1,Win
31026,2007-07-01,2007,Ecuador,Copa América,Neutral,2,1,1,Win
22795,1998-05-31,1998,Japan,Friendly,Neutral,2,1,1,Win
31749,2008-03-26,2008,Ghana,Friendly,Neutral,2,1,1,Win
25922,2001-09-02,2001,Jamaica,FIFA World Cup qualification,Away,2,1,1,Win
19007,1993-05-09,1993,Canada,FIFA World Cup qualification,Away,2,1,1,Win
37056,2013-06-22,2013,Japan,Confederations Cup,Neutral,2,1,1,Win
38947,2015-07-22,2015,Panama,Gold Cup,Neutral,2,1,1,Win
25823,2001-07-25,2001,Uruguay,Copa América,Neutral,2,1,1,Win
30929,2007-06-08,2007,Cuba,Gold Cup,Neutral,2,1,1,Win
41667,2018-06-23,2018,South Korea,FIFA World Cup,Neutral,2,1,1,Win
17208,1990-03-20,1990,Uruguay,Friendly,Neutral,2,1,1,Win
20605,1995-10-11,1995,Saudi Arabia,Friendly,Neutral,2,1,1,Win
29933,2006-05-12,2006,DR Congo,Friendly,Home,2,1,1,Win
6264,1965-04-11,1965,Guatemala,CONCACAF Championship,Away,2,1,1,Win
29884,2006-03-29,2006,Paraguay,Friendly,Neutral,2,1,1,Win
30762,2007-03-25,2007,Paraguay,Friendly,Home,2,1,1,Win
33735,2010-03-17,2010,North Korea,Friendly,Home,2,1,1,Win
43324,2019-11-19,2019,Bermuda,CONCACAF Nations League,Home,2,1,1,Win
14615,1985-02-26,1985,Finland,Friendly,Home,2,1,1,Win
37349,2013-10-11,2013,Panama,FIFA World Cup qualification,Home,2,1,1,Win
16569,1989-02-21,1989,Guatemala,Friendly,Neutral,2,1,1,Win
28425,2004-07-13,2004,Ecuador,Copa América,Neutral,2,1,1,Win
43930,2021-05-29,2021,Iceland,Friendly,Neutral,2,1,1,Win
23394,1999-03-11,1999,Bolivia,USA Cup,Neutral,2,1,1,Win
40767,2017-06-24,2017,Russia,Confederations Cup,Away,2,1,1,Win
23733,1999-07-17,1999,Chile,Copa América,Neutral,2,1,1,Win
28746,2004-10-27,2004,Ecuador,Friendly,Neutral,2,1,1,Win
2289,1938-02-22,1938,Costa Rica,Central American and Caribbean Games,Neutral,2,1,1,Win
33041,2009-06-10,2009,Trinidad and Tobago,FIFA World Cup qualification,Home,2,1,1,Win
44348,2021-09-02,2021,Jamaica,FIFA World Cup qualification,Home,2,1,1,Win
26387,2002-05-12,2002,Colombia,Friendly,Home,2,1,1,Win
18375,1992-07-26,1992,El Salvador,Friendly,Away,2,1,1,Win
48506,2025-07-06,2025,United States,Gold Cup,Away,2,1,1,Win
4871,1959-05-24,1959,England,Friendly,Home,2,1,1,Win
33199,2009-08-12,2009,United States,FIFA World Cup qualification,Home,2,1,1,Win
15088,1985-12-03,1985,South Korea,Friendly,Neutral,2,1,1,Win
19403,1993-10-20,1993,Ukraine,Friendly,Neutral,2,1,1,Win
5498,1962-05-22,1962,Wales,Friendly,Home,2,1,1,Win
34839,2011-06-18,2011,Guatemala,Gold Cup,Neutral,2,1,1,Win
40150,2016-10-08,2016,New Zealand,Friendly,Neutral,2,1,1,Win
23399,1999-03-13,1999,United States,USA Cup,Away,2,1,1,Win
35826,2012-05-31,2012,Bosnia and Herzegovina,Friendly,Neutral,2,1,1,Win
10980,1977-05-24,1977,Peru,Friendly,Home,2,1,1,Win
29108,2005-03-27,2005,United States,FIFA World Cup qualification,Home,2,1,1,Win
32236,2008-08-20,2008,Honduras,FIFA World Cup qualification,Home,2,1,1,Win
45147,2022-05-28,2022,Nigeria,Friendly,Neutral,2,1,1,Win
40824,2017-07-01,2017,Paraguay,Friendly,Neutral,2,1,1,Win
7126,1967-08-22,1967,Argentina,Friendly,Home,2,1,1,Win
8795,1972-04-05,1972,Peru,Friendly,Home,2,1,1,Win
24069,2000-01-09,2000,Iran,Friendly,Neutral,2,1,1,Win
11170,1977-10-19,1977,Guatemala,CONCACAF Championship,Home,2,1,1,Win
29279,2005-06-16,2005,Japan,Confederations Cup,Neutral,2,1,1,Win
40275,2016-11-11,2016,United States,FIFA World Cup qualification,Away,2,1,1,Win
32366,2008-09-10,2008,Canada,FIFA World Cup qualification,Home,2,1,1,Win
29765,2006-01-25,2006,Norway,Friendly,Neutral,2,1,1,Win
28002,2004-03-10,2004,Ecuador,Friendly,Home,2,1,1,Win
19784,1994-06-24,1994,Republic of Ireland,FIFA World Cup,Neutral,2,1,1,Win
7252,1967-12-06,1967,Hungary,Friendly,Home,2,1,1,Win
8996,1972-09-10,1972,United States,CONCACAF Championship qualification,Away,2,1,1,Win
14364,1984-10-17,1984,United States,Friendly,Home,2,1,1,Win
44901,2022-01-27,2022,Jamaica,FIFA World Cup qualification,Away,2,1,1,Win
4816,1959-03-08,1959,Costa Rica,Friendly,Away,2,1,1,Win
21441,1996-10-16,1996,Jamaica,FIFA World Cup qualification,Home,2,1,1,Win
24717,2000-07-05,2000,Venezuela,Friendly,Home,2,1,1,Win
7502,1968-10-31,1968,Brazil,Friendly,Away,2,1,1,Win
40760,2017-06-21,2017,New Zealand,Confederations Cup,Neutral,2,1,1,Win
5253,1961-04-19,1961,Netherlands,Friendly,Away,2,1,1,Win
22069,1997-06-13,1997,Colombia,Copa América,Neutral,2,1,1,Win
15328,1986-06-03,1986,Belgium,FIFA World Cup,Home,2,1,1,Win
44281,2021-07-29,2021,Canada,Gold Cup,Neutral,2,1,1,Win
8675,1971-12-04,1971,Honduras,CONCACAF Championship,Neutral,2,1,1,Win
15099,1985-12-10,1985,South Korea,Friendly,Home,2,1,1,Win
26469,2002-06-09,2002,Ecuador,FIFA World Cup,Neutral,2,1,1,Win
3288,1949-09-11,1949,Cuba,NAFC Championship,Home,2,0,2,Win
14266,1984-08-25,1984,Hungary,Friendly,Away,2,0,2,Win
37094,2013-07-11,2013,Canada,Gold Cup,Neutral,2,0,2,Win
18627,1992-11-15,1992,Honduras,FIFA World Cup qualification,Home,2,0,2,Win
17122,1990-01-17,1990,Argentina,Friendly,Neutral,2,0,2,Win
22586,1998-02-07,1998,Honduras,Gold Cup,Neutral,2,0,2,Win
32053,2008-06-15,2008,Belize,FIFA World Cup qualification,Neutral,2,0,2,Win
35807,2012-05-27,2012,Wales,Friendly,Neutral,2,0,2,Win
48122,2025-03-20,2025,Canada,CONCACAF Nations League,Neutral,2,0,2,Win
7669,1969-05-08,1969,Norway,Friendly,Away,2,0,2,Win
8581,1971-10-06,1971,Bermuda,CONCACAF Championship qualification,Away,2,0,2,Win
34556,2011-02-09,2011,Bosnia and Herzegovina,Friendly,Neutral,2,0,2,Win
6221,1965-03-12,1965,United States,FIFA World Cup qualification,Home,2,0,2,Win
8745,1972-01-27,1972,Chile,Friendly,Home,2,0,2,Win
13953,1983-11-22,1983,Sweden,Friendly,Home,2,0,2,Win
15110,1985-12-14,1985,Hungary,Friendly,Home,2,0,2,Win
9531,1973-10-16,1973,United States,Friendly,Home,2,0,2,Win
28757,2004-11-10,2004,Guatemala,Friendly,Neutral,2,0,2,Win
40863,2017-07-16,2017,Curaçao,Gold Cup,Neutral,2,0,2,Win
10289,1975-08-24,1975,United States,Friendly,Home,2,0,2,Win
15091,1985-12-07,1985,Algeria,Friendly,Home,2,0,2,Win
34845,2011-06-22,2011,Honduras,Gold Cup,Neutral,2,0,2,Win
39853,2016-06-09,2016,Jamaica,Copa América,Neutral,2,0,2,Win
19196,1993-06-30,1993,Ecuador,Copa América,Away,2,0,2,Win
4505,1957-07-03,1957,Canada,FIFA World Cup qualification,Home,2,0,2,Win
46240,2023-07-08,2023,Costa Rica,Gold Cup,Neutral,2,0,2,Win
7494,1968-10-26,1968,Uruguay,Friendly,Away,2,0,2,Win
14412,1984-11-11,1984,Trinidad and Tobago,Friendly,Away,2,0,2,Win
49406,2026-06-11,2026,South Africa,FIFA World Cup,Home,2,0,2,Win
31008,2007-06-27,2007,Brazil,Copa América,Neutral,2,0,2,Win
9167,1973-02-06,1973,Argentina,Friendly,Home,2,0,2,Win
20819,1996-01-21,1996,Brazil,Gold Cup,Neutral,2,0,2,Win
1974,1935-04-02,1935,Costa Rica,Central American and Caribbean Games,Neutral,2,0,2,Win
33141,2009-07-05,2009,Nicaragua,Gold Cup,Neutral,2,0,2,Win
8655,1971-11-26,1971,Trinidad and Tobago,CONCACAF Championship,Away,2,0,2,Win
32846,2009-03-28,2009,Costa Rica,FIFA World Cup qualification,Home,2,0,2,Win
6244,1965-03-28,1965,El Salvador,CONCACAF Championship,Neutral,2,0,2,Win
29257,2005-06-08,2005,Trinidad and Tobago,FIFA World Cup qualification,Home,2,0,2,Win
36136,2012-09-07,2012,Costa Rica,FIFA World Cup qualification,Away,2,0,2,Win
44616,2021-10-13,2021,El Salvador,FIFA World Cup qualification,Away,2,0,2,Win
36385,2012-10-16,2012,El Salvador,FIFA World Cup qualification,Home,2,0,2,Win
7986,1970-02-18,1970,Bulgaria,Friendly,Home,2,0,2,Win
45880,2023-03-23,2023,Suriname,CONCACAF Nations League,Away,2,0,2,Win
33883,2010-06-17,2010,France,FIFA World Cup,Neutral,2,0,2,Win
29202,2005-06-04,2005,Guatemala,FIFA World Cup qualification,Away,2,0,2,Win
27029,2003-03-19,2003,Bolivia,Friendly,Neutral,2,0,2,Win
14865,1985-06-15,1985,Germany,Friendly,Home,2,0,2,Win
48497,2025-06-28,2025,Saudi Arabia,Gold Cup,Neutral,2,0,2,Win
16574,1989-02-23,1989,El Salvador,Friendly,Neutral,2,0,2,Win
47808,2024-10-15,2024,United States,Friendly,Home,2,0,2,Win
21645,1997-01-19,1997,United States,USA Cup,Away,2,0,2,Win
15363,1986-06-15,1986,Bulgaria,FIFA World Cup,Home,2,0,2,Win
48481,2025-06-18,2025,Suriname,Gold Cup,Neutral,2,0,2,Win
25817,2001-07-22,2001,Chile,Copa América,Neutral,2,0,2,Win
19195,1993-06-29,1993,Costa Rica,Friendly,Away,2,0,2,Win
39623,2016-03-29,2016,Canada,FIFA World Cup qualification,Home,2,0,2,Win
46794,2023-11-21,2023,Honduras,CONCACAF Nations League,Home,2,0,2,Win
24795,2000-08-15,2000,Canada,FIFA World Cup qualification,Home,2,0,2,Win
24891,2000-09-20,2000,Ecuador,Friendly,Neutral,2,0,2,Win
49484,2026-06-30,2026,Ecuador,FIFA World Cup,Home,2,0,2,Win
18523,1992-10-07,1992,El Salvador,Friendly,Neutral,2,0,2,Win
8985,1972-08-16,1972,Chile,Friendly,Away,2,0,2,Win
29711,2005-12-14,2005,Hungary,Friendly,Neutral,2,0,2,Win
17867,1991-07-07,1991,Costa Rica,Gold Cup,Neutral,2,0,2,Win
29411,2005-08-17,2005,Costa Rica,FIFA World Cup qualification,Home,2,0,2,Win
15016,1985-10-15,1985,Yemen,Friendly,Neutral,2,0,2,Win
23636,1999-06-18,1999,Egypt,Korea Cup,Neutral,2,0,2,Win
4585,1957-10-20,1957,Costa Rica,FIFA World Cup qualification,Home,2,0,2,Win
23197,1998-11-17,1998,El Salvador,Friendly,Neutral,2,0,2,Win
20118,1995-01-06,1995,Saudi Arabia,Confederations Cup,Away,2,0,2,Win
46551,2023-10-14,2023,Ghana,Friendly,Neutral,2,0,2,Win
33156,2009-07-12,2009,Guadeloupe,Gold Cup,Neutral,2,0,2,Win
28055,2004-03-31,2004,Costa Rica,Friendly,Neutral,2,0,2,Win
13593,1983-04-05,1983,Guatemala,Friendly,Neutral,2,0,2,Win
12085,1979-12-04,1979,El Salvador,Friendly,Away,2,0,2,Win
7927,1969-11-27,1969,Jamaica,CONCACAF Championship,Neutral,2,0,2,Win
42994,2019-10-02,2019,Trinidad and Tobago,Friendly,Home,2,0,2,Win
45121,2022-03-30,2022,El Salvador,FIFA World Cup qualification,Home,2,0,2,Win
46034,2023-06-07,2023,Guatemala,Friendly,Home,2,0,2,Win
35874,2012-06-03,2012,Brazil,Friendly,Neutral,2,0,2,Win
43683,2020-11-17,2020,Japan,Friendly,Neutral,2,0,2,Win
39379,2015-11-17,2015,Honduras,FIFA World Cup qualification,Away,2,0,2,Win
27438,2003-07-24,2003,Costa Rica,Gold Cup,Home,2,0,2,Win
33712,2010-03-03,2010,New Zealand,Friendly,Neutral,2,0,2,Win
49261,2026-05-22,2026,Ghana,Friendly,Home,2,0,2,Win
40490,2017-03-24,2017,Costa Rica,FIFA World Cup qualification,Home,2,0,2,Win
17240,1990-04-17,1990,Colombia,Friendly,Neutral,2,0,2,Win
35412,2011-11-11,2011,Serbia,Friendly,Home,2,0,2,Win
12360,1980-08-30,1980,Fiji,Friendly,Away,2,0,2,Win
874,1923-12-12,1923,Guatemala,Friendly,Home,2,0,2,Win
1501,1930-07-19,1930,Argentina,FIFA World Cup,Neutral,3,6,-3,Loss
29310,2005-06-29,2005,Germany,Confederations Cup,Away,3,4,-1,Loss
7485,1968-10-20,1968,Peru,Friendly,Away,3,3,0,Draw
25285,2001-03-07,2001,Brazil,Friendly,Home,3,3,0,Draw
8002,1970-03-18,1970,Peru,Friendly,Home,3,3,0,Draw
22449,1997-11-09,1997,Costa Rica,FIFA World Cup qualification,Home,3,3,0,Draw
5182,1960-11-03,1960,United States,FIFA World Cup qualification,Away,3,3,0,Draw
23721,1999-07-10,1999,Peru,Copa América,Neutral,3,3,0,Draw
875,1923-12-16,1923,Guatemala,Friendly,Home,3,3,0,Draw
38832,2015-06-15,2015,Chile,Copa América,Away,3,3,0,Draw
7353,1968-05-21,1968,Uruguay,Friendly,Home,3,3,0,Draw
46457,2023-09-12,2023,Uzbekistan,Friendly,Neutral,3,3,0,Draw
41145,2017-11-10,2017,Belgium,Friendly,Away,3,3,0,Draw
41894,2018-10-11,2018,Costa Rica,Friendly,Home,3,2,1,Win
42548,2019-06-09,2019,Ecuador,Friendly,Neutral,3,2,1,Win
38261,2014-11-12,2014,Netherlands,Friendly,Away,3,2,1,Win
15617,1987-03-17,1987,China,Friendly,Home,3,2,1,Win
1838,1934-03-04,1934,Cuba,FIFA World Cup qualification,Home,3,2,1,Win
783,1923-01-01,1923,Guatemala,Friendly,Away,3,2,1,Win
14465,1984-12-04,1984,Ecuador,Friendly,Neutral,3,2,1,Win
48472,2025-06-14,2025,Dominican Republic,Gold Cup,Neutral,3,2,1,Win
6287,1965-05-03,1965,Jamaica,FIFA World Cup qualification,Away,3,2,1,Win
39203,2015-10-10,2015,United States,Friendly,Away,3,2,1,Win
42674,2019-06-23,2019,Martinique,Gold Cup,Neutral,3,2,1,Win
43632,2020-11-14,2020,South Korea,Friendly,Neutral,3,2,1,Win
30694,2007-02-28,2007,Venezuela,Friendly,Neutral,3,1,2,Win
42319,2019-03-22,2019,Chile,Friendly,Neutral,3,1,2,Win
31082,2007-07-14,2007,Uruguay,Copa América,Neutral,3,1,2,Win
21473,1996-11-06,1996,Honduras,FIFA World Cup qualification,Home,3,1,2,Win
35602,2012-01-25,2012,Venezuela,Friendly,Neutral,3,1,2,Win
21533,1996-11-20,1996,El Salvador,Friendly,Neutral,3,1,2,Win
42479,2019-06-05,2019,Venezuela,Friendly,Neutral,3,1,2,Win
46214,2023-06-29,2023,Haiti,Gold Cup,Neutral,3,1,2,Win
43139,2019-10-15,2019,Panama,CONCACAF Nations League,Home,3,1,2,Win
17849,1991-06-30,1991,Canada,Gold Cup,Neutral,3,1,2,Win
2976,1947-07-17,1947,Cuba,NAFC Championship,Away,3,1,2,Win
3879,1954-01-14,1954,United States,FIFA World Cup qualification,Home,3,1,2,Win
40595,2017-06-01,2017,Republic of Ireland,Friendly,Neutral,3,1,2,Win
42645,2019-06-19,2019,Canada,Gold Cup,Neutral,3,1,2,Win
37102,2013-07-14,2013,Martinique,Gold Cup,Neutral,3,1,2,Win
9038,1972-10-12,1972,Costa Rica,Friendly,Home,3,1,2,Win
15562,1987-01-13,1987,El Salvador,Friendly,Neutral,3,1,2,Win
18928,1993-04-18,1993,El Salvador,FIFA World Cup qualification,Home,3,1,2,Win
5077,1960-06-26,1960,Netherlands,Friendly,Home,3,1,2,Win
8992,1972-09-03,1972,United States,CONCACAF Championship qualification,Home,3,1,2,Win
35919,2012-06-08,2012,Guyana,FIFA World Cup qualification,Home,3,1,2,Win
34639,2011-03-26,2011,Paraguay,Friendly,Neutral,3,1,2,Win
28618,2004-09-08,2004,Trinidad and Tobago,FIFA World Cup qualification,Away,3,1,2,Win
38950,2015-07-26,2015,Jamaica,Gold Cup,Neutral,3,1,2,Win
9857,1974-09-05,1974,United States,Friendly,Home,3,1,2,Win
2268,1938-01-09,1938,Basque Country,Friendly,Home,3,1,2,Win
11160,1977-10-12,1977,El Salvador,CONCACAF Championship,Home,3,1,2,Win
37770,2014-05-31,2014,Ecuador,Friendly,Neutral,3,1,2,Win
20431,1995-07-09,1995,Venezuela,Copa América,Neutral,3,1,2,Win
21671,1997-02-05,1997,Ecuador,Friendly,Home,3,1,2,Win
16564,1989-02-14,1989,Poland,Friendly,Home,3,1,2,Win
40006,2016-09-02,2016,El Salvador,FIFA World Cup qualification,Away,3,1,2,Win
5527,1962-06-07,1962,Czechoslovakia,FIFA World Cup,Neutral,3,1,2,Win
39812,2016-06-05,2016,Uruguay,Copa América,Neutral,3,1,2,Win
40849,2017-07-09,2017,El Salvador,Gold Cup,Neutral,3,1,2,Win
37899,2014-06-23,2014,Croatia,FIFA World Cup,Neutral,3,1,2,Win
30044,2006-06-11,2006,Iran,FIFA World Cup,Neutral,3,1,2,Win
29607,2005-10-26,2005,Uruguay,Friendly,Home,3,1,2,Win
41044,2017-10-06,2017,Trinidad and Tobago,FIFA World Cup qualification,Home,3,1,2,Win
11175,1977-10-22,1977,Canada,CONCACAF Championship,Home,3,1,2,Win
26183,2002-01-21,2002,Guatemala,Gold Cup,Neutral,3,1,2,Win
8001,1970-03-15,1970,Peru,Friendly,Home,3,1,2,Win
23716,1999-07-06,1999,Venezuela,Copa América,Neutral,3,1,2,Win
22832,1998-06-13,1998,South Korea,FIFA World Cup,Neutral,3,1,2,Win
2276,1938-02-10,1938,Colombia,Central American and Caribbean Games,Neutral,3,1,2,Win
19120,1993-06-10,1993,Paraguay,Friendly,Home,3,1,2,Win
4810,1959-03-01,1959,Costa Rica,Friendly,Home,3,1,2,Win
6212,1965-03-04,1965,Honduras,FIFA World Cup qualification,Home,3,0,3,Win
34738,2011-06-01,2011,New Zealand,Friendly,Neutral,3,0,3,Win
18080,1991-12-04,1991,Hungary,Friendly,Home,3,0,3,Win
40656,2017-06-08,2017,Honduras,FIFA World Cup qualification,Home,3,0,3,Win
6905,1967-01-05,1967,Switzerland,Friendly,Home,3,0,3,Win
24695,2000-07-01,2000,El Salvador,Friendly,Neutral,3,0,3,Win
44202,2021-06-30,2021,Panama,Friendly,Neutral,3,0,3,Win
10714,1976-10-15,1976,United States,CONCACAF Championship qualification,Home,3,0,3,Win
47559,2024-09-07,2024,New Zealand,Friendly,Neutral,3,0,3,Win
32333,2008-09-06,2008,Jamaica,FIFA World Cup qualification,Home,3,0,3,Win
43237,2019-11-15,2019,Panama,CONCACAF Nations League,Away,3,0,3,Win
3297,1949-09-25,1949,Cuba,FIFA World Cup qualification,Home,3,0,3,Win
5185,1960-11-06,1960,United States,FIFA World Cup qualification,Home,3,0,3,Win
18894,1993-04-11,1993,Honduras,FIFA World Cup qualification,Home,3,0,3,Win
19760,1994-06-11,1994,Northern Ireland,Friendly,Neutral,3,0,3,Win
38686,2015-05-30,2015,Guatemala,Friendly,Home,3,0,3,Win
39533,2016-03-25,2016,Canada,FIFA World Cup qualification,Away,3,0,3,Win
44277,2021-07-24,2021,Honduras,Gold Cup,Neutral,3,0,3,Win
6254,1965-04-04,1965,Haiti,CONCACAF Championship,Neutral,3,0,3,Win
44258,2021-07-14,2021,Guatemala,Gold Cup,Neutral,3,0,3,Win
4503,1957-06-30,1957,Canada,FIFA World Cup qualification,Home,3,0,3,Win
39340,2015-11-13,2015,El Salvador,FIFA World Cup qualification,Home,3,0,3,Win
46275,2023-07-12,2023,Jamaica,Gold Cup,Neutral,3,0,3,Win
19423,1993-11-03,1993,China,Friendly,Neutral,3,0,3,Win
49454,2026-06-24,2026,Czech Republic,FIFA World Cup,Home,3,0,3,Win
41355,2018-03-23,2018,Iceland,Friendly,Neutral,3,0,3,Win
28719,2004-10-13,2004,Trinidad and Tobago,FIFA World Cup qualification,Home,3,0,3,Win
33249,2009-09-05,2009,Costa Rica,FIFA World Cup qualification,Away,3,0,3,Win
45361,2022-06-11,2022,Suriname,CONCACAF Nations League,Home,3,0,3,Win
7685,1969-05-22,1969,Peru,Friendly,Home,3,0,3,Win
47022,2024-03-21,2024,Panama,CONCACAF Nations League,Neutral,3,0,3,Win
42872,2019-09-06,2019,United States,Friendly,Away,3,0,3,Win
25944,2001-09-05,2001,Trinidad and Tobago,FIFA World Cup qualification,Home,3,0,3,Win
7458,1968-09-29,1968,Ethiopia,Friendly,Home,3,0,3,Win
7847,1969-10-21,1969,Bermuda,CONCACAF Championship qualification,Home,3,0,3,Win
23351,1999-02-19,1999,Egypt,Lunar New Year Cup,Neutral,3,0,3,Win
14258,1984-08-16,1984,Finland,Friendly,Away,3,0,3,Win
21342,1996-09-15,1996,Saint Vincent and the Grenadines,FIFA World Cup qualification,Away,3,0,3,Win
44547,2021-10-10,2021,Honduras,FIFA World Cup qualification,Home,3,0,3,Win
26064,2001-11-11,2001,Honduras,FIFA World Cup qualification,Home,3,0,3,Win
7597,1969-01-22,1969,Denmark,Friendly,Home,3,0,3,Win
11131,1977-09-27,1977,United States,Friendly,Home,3,0,3,Win
15284,1986-04-27,1986,Canada,Friendly,Home,3,0,3,Win
17656,1991-03-14,1991,Canada,NAFU Championship,Neutral,3,0,3,Win
13958,1983-11-29,1983,Martinique,Friendly,Away,4,4,0,Draw
38942,2015-07-15,2015,Trinidad and Tobago,Gold Cup,Neutral,4,4,0,Draw
23784,1999-08-04,1999,Brazil,Confederations Cup,Home,4,3,1,Win
12195,1980-04-15,1980,Guatemala,Friendly,Away,4,2,2,Win
19193,1993-06-27,1993,Peru,Copa América,Neutral,4,2,2,Win
42417,2019-03-26,2019,Paraguay,Friendly,Neutral,4,2,2,Win
37513,2013-11-20,2013,New Zealand,FIFA World Cup qualification,Away,4,2,2,Win
34851,2011-06-25,2011,United States,Gold Cup,Away,4,2,2,Win
22575,1998-02-04,1998,Trinidad and Tobago,Gold Cup,Neutral,4,2,2,Win
30785,2007-03-28,2007,Ecuador,Friendly,Neutral,4,2,2,Win
8038,1970-04-29,1970,Ecuador,Friendly,Home,4,2,2,Win
24599,2000-06-07,2000,South Africa,USA Cup,Neutral,4,2,2,Win
16903,1989-08-10,1989,South Korea,Marlboro Cup,Neutral,4,2,2,Win
3607,1952-04-10,1952,Panama,Pan American Championship,Neutral,4,2,2,Win
33368,2009-10-10,2009,El Salvador,FIFA World Cup qualification,Home,4,1,3,Win
17842,1991-06-28,1991,Jamaica,Gold Cup,Neutral,4,1,3,Win
37167,2013-08-14,2013,Ivory Coast,Friendly,Neutral,4,1,3,Win
34830,2011-06-12,2011,Costa Rica,Gold Cup,Neutral,4,1,3,Win
11151,1977-10-09,1977,Haiti,CONCACAF Championship,Home,4,1,3,Win
1847,1934-03-18,1934,Cuba,FIFA World Cup qualification,Home,4,1,3,Win
26034,2001-10-31,2001,El Salvador,Friendly,Home,4,1,3,Win
18988,1993-05-02,1993,Honduras,FIFA World Cup qualification,Away,4,1,3,Win
786,1923-01-07,1923,Guatemala,Friendly,Away,4,1,3,Win
5248,1961-04-12,1961,Costa Rica,FIFA World Cup qualification,Home,4,1,3,Win
16102,1988-04-26,1988,Honduras,Friendly,Home,4,1,3,Win
18164,1992-03-08,1992,Russia,Friendly,Home,4,0,4,Win
6977,1967-03-06,1967,Nicaragua,CONCACAF Championship,Neutral,4,0,4,Win
19281,1993-07-25,1993,United States,Gold Cup,Home,4,0,4,Win
3878,1954-01-10,1954,United States,FIFA World Cup qualification,Home,4,0,4,Win
46202,2023-06-25,2023,Honduras,Gold Cup,Neutral,4,0,4,Win
48010,2024-11-19,2024,Honduras,CONCACAF Nations League,Home,4,0,4,Win
45631,2022-11-09,2022,Iraq,Friendly,Neutral,4,0,4,Win
49116,2026-02-25,2026,Iceland,Friendly,Home,4,0,4,Win
26288,2002-03-13,2002,Albania,Friendly,Neutral,4,0,4,Win
25359,2001-03-25,2001,Jamaica,FIFA World Cup qualification,Home,4,0,4,Win
19375,1993-10-06,1993,South Africa,Friendly,Neutral,4,0,4,Win
7305,1968-03-26,1968,Japan,Friendly,Home,4,0,4,Win
24176,2000-02-13,2000,Trinidad and Tobago,Gold Cup,Neutral,4,0,4,Win
8075,1970-06-07,1970,El Salvador,FIFA World Cup,Home,4,0,4,Win
18608,1992-11-08,1992,Saint Vincent and the Grenadines,FIFA World Cup qualification,Away,4,0,4,Win
21745,1997-03-02,1997,Canada,FIFA World Cup qualification,Home,4,0,4,Win
18953,1993-04-25,1993,Canada,FIFA World Cup qualification,Home,4,0,4,Win
33164,2009-07-19,2009,Haiti,Gold Cup,Neutral,4,0,4,Win
29323,2005-07-10,2005,Guatemala,Gold Cup,Neutral,4,0,4,Win
8582,1971-10-06,1971,Bermuda,CONCACAF Championship qualification,Home,4,0,4,Win
44212,2021-07-03,2021,Nigeria,Friendly,Neutral,4,0,4,Win
30868,2007-06-02,2007,Iran,Friendly,Home,4,0,4,Win
6988,1967-03-12,1967,Trinidad and Tobago,CONCACAF Championship,Neutral,4,0,4,Win
31994,2008-06-08,2008,Peru,Friendly,Neutral,4,0,4,Win
3876,1953-12-27,1953,Haiti,FIFA World Cup qualification,Away,4,0,4,Win
7896,1969-11-11,1969,Norway,Friendly,Home,4,0,4,Win
37575,2014-01-29,2014,South Korea,Friendly,Neutral,4,0,4,Win
13020,1981-11-01,1981,Cuba,CONCACAF Championship,Neutral,4,0,4,Win
33082,2009-06-24,2009,Venezuela,Friendly,Neutral,4,0,4,Win
18652,1992-11-22,1992,Costa Rica,FIFA World Cup qualification,Home,4,0,4,Win
15831,1987-10-06,1987,Canada,Friendly,Home,4,0,4,Win
12635,1981-02-11,1981,South Korea,Friendly,Home,4,0,4,Win
25889,2001-08-23,2001,Liberia,Friendly,Home,5,4,1,Win
29542,2005-10-08,2005,Guatemala,FIFA World Cup qualification,Home,5,2,3,Win
21018,1996-05-18,1996,Slovakia,Friendly,Neutral,5,2,3,Win
33816,2010-05-30,2010,Gambia,Friendly,Neutral,5,1,4,Win
20092,1994-12-14,1994,Hungary,Friendly,Home,5,1,4,Win
37427,2013-11-13,2013,New Zealand,FIFA World Cup qualification,Home,5,1,4,Win
49315,2026-06-04,2026,Serbia,Friendly,Home,5,1,4,Win
32805,2009-03-11,2009,Bolivia,Friendly,Neutral,5,1,4,Win
10829,1977-02-01,1977,Yugoslavia,Friendly,Home,5,1,4,Win
21463,1996-10-30,1996,Saint Vincent and the Grenadines,FIFA World Cup qualification,Home,5,1,4,Win
43055,2019-10-11,2019,Bermuda,CONCACAF Nations League,Away,5,1,4,Win
23747,1999-07-25,1999,Saudi Arabia,Confederations Cup,Home,5,1,4,Win
11272,1978-02-15,1978,El Salvador,Friendly,Away,5,1,4,Win
12499,1980-11-09,1980,United States,CONCACAF Championship qualification,Home,5,1,4,Win
1967,1935-03-28,1935,Guatemala,Central American and Caribbean Games,Neutral,5,1,4,Win
22500,1997-12-14,1997,Saudi Arabia,Confederations Cup,Away,5,0,5,Win
12193,1980-04-08,1980,Honduras,Friendly,Home,5,0,5,Win
13905,1983-10-25,1983,El Salvador,Friendly,Neutral,5,0,5,Win
27436,2003-07-20,2003,Jamaica,Gold Cup,Home,5,0,5,Win
13966,1983-12-06,1983,Canada,Friendly,Home,5,0,5,Win
2975,1947-07-13,1947,United States,NAFC Championship,Neutral,5,0,5,Win
33675,2010-02-24,2010,Bolivia,Friendly,Neutral,5,0,5,Win
33168,2009-07-26,2009,United States,Gold Cup,Away,5,0,5,Win
36310,2012-10-12,2012,Guyana,FIFA World Cup qualification,Neutral,5,0,5,Win
1841,1934-03-11,1934,Cuba,FIFA World Cup qualification,Home,5,0,5,Win
22355,1997-10-05,1997,El Salvador,FIFA World Cup qualification,Home,5,0,5,Win
34821,2011-06-09,2011,Cuba,Gold Cup,Neutral,5,0,5,Win
20793,1996-01-11,1996,Saint Vincent and the Grenadines,Gold Cup,Neutral,5,0,5,Win
6250,1965-04-01,1965,Curaçao,CONCACAF Championship,Neutral,5,0,5,Win
14561,1985-02-05,1985,Poland,Friendly,Home,5,0,5,Win
34790,2011-06-05,2011,El Salvador,Gold Cup,Neutral,5,0,5,Win
29500,2005-09-07,2005,Panama,FIFA World Cup qualification,Home,5,0,5,Win
28762,2004-11-13,2004,Saint Kitts and Nevis,FIFA World Cup qualification,Neutral,5,0,5,Win
3293,1949-09-18,1949,United States,FIFA World Cup qualification,Home,6,2,4,Win
19267,1993-07-22,1993,Jamaica,Gold Cup,Home,6,1,5,Win
1968,1935-03-30,1935,Cuba,Central American and Caribbean Games,Neutral,6,1,5,Win
2284,1938-02-18,1938,El Salvador,Central American and Caribbean Games,Neutral,6,0,6,Win
22748,1998-05-09,1998,Estonia,Friendly,Neutral,6,0,6,Win
38928,2015-07-09,2015,Cuba,Gold Cup,Neutral,6,0,6,Win
3285,1949-09-04,1949,United States,NAFC Championship,Home,6,0,6,Win
31066,2007-07-08,2007,Paraguay,Copa América,Neutral,6,0,6,Win
4439,1957-04-07,1957,United States,FIFA World Cup qualification,Home,6,0,6,Win
21871,1997-04-13,1997,Jamaica,FIFA World Cup qualification,Home,6,0,6,Win
2231,1937-09-19,1937,United States,Friendly,Home,7,3,4,Win
2226,1937-09-12,1937,United States,Friendly,Home,7,2,5,Win
4449,1957-04-28,1957,United States,FIFA World Cup qualification,Away,7,2,5,Win
11516,1978-09-10,1978,Lebanon,Korea Cup,Neutral,7,1,6,Win
24878,2000-09-03,2000,Panama,FIFA World Cup qualification,Home,7,1,6,Win
28634,2004-10-06,2004,Saint Vincent and the Grenadines,FIFA World Cup qualification,Home,7,0,7,Win
32093,2008-06-21,2008,Belize,FIFA World Cup qualification,Home,7,0,7,Win
10283,1975-08-17,1975,Costa Rica,Friendly,Home,7,0,7,Win
6607,1966-04-24,1966,Paraguay,Friendly,Home,7,0,7,Win
42607,2019-06-15,2019,Cuba,Gold Cup,Neutral,7,0,7,Win
24953,2000-10-08,2000,Trinidad and Tobago,FIFA World Cup qualification,Home,7,0,7,Win
5245,1961-04-05,1961,Curaçao,FIFA World Cup qualification,Home,7,0,7,Win
2403,1938-10-16,1938,Basque Country,Friendly,Home,8,4,4,Win
1973,1935-04-01,1935,Honduras,Central American and Caribbean Games,Neutral,8,2,6,Win
11164,1977-10-15,1977,Suriname,CONCACAF Championship,Home,8,1,7,Win
1964,1935-03-27,1935,El Salvador,Central American and Caribbean Games,Away,8,1,7,Win
3797,1953-07-19,1953,Haiti,FIFA World Cup qualification,Home,8,0,8,Win
5751,1963-03-28,1963,Jamaica,CONCACAF Championship,Neutral,8,0,8,Win
28797,2004-11-17,2004,Saint Kitts and Nevis,FIFA World Cup qualification,Home,8,0,8,Win
28377,2004-06-27,2004,Dominica,FIFA World Cup qualification,Home,8,0,8,Win
9598,1973-12-08,1973,Curaçao,CONCACAF Championship,Neutral,8,0,8,Win
6294,1965-05-07,1965,Jamaica,FIFA World Cup qualification,Home,8,0,8,Win
19264,1993-07-18,1993,Canada,Gold Cup,Home,8,0,8,Win
16076,1988-03-29,1988,El Salvador,Friendly,Home,8,0,8,Win
19245,1993-07-11,1993,Martinique,Gold Cup,Home,9,0,9,Win
28332,2004-06-19,2004,Dominica,FIFA World Cup qualification,Neutral,10,0,10,Win
18678,1992-12-06,1992,Saint Vincent and the Grenadines,FIFA World Cup qualification,Home,11,0,11,Win
